Sygnatura czasowa,"Zasady gry:
Ty i cztery inne osoby podajecie liczbę. Od 50 odejmujemy sumę wszystkich pięciu liczb. Następnie mnożymy otrzymaną wartość przez podaną przez ciebie liczbę - otrzymujemy twój wynik (wzór poniżej). Twoim celem jest osiągnięcie jak najwyższego wyniku.

Pomocniczy wzór:
x₁: twoja liczba 
x₂,...,x₅ : liczby pozostałych uczestników
S : 50-x₁-x₂-...-x₅ 
Twój wynik : x₁*S
(Wynik drugiej osoby x₂*S itd)


Jaką liczbę podasz?",Dlaczego wybrałeś akurat tę liczbę? (podaj tok rozumowania)
2026-01-06 01:08:28,9,"Zakładam że każdy zostanie w zakresie od 1-10 aby nie sprawic że liczba będzie ujemna, raczej inni (jeśli też będą chcieli maksymalizować wynik) wybiorą 8 albo 9, może niektórzy 10. Jeśli trafi się jakiś wariat który wybierze np 100 to i tak nie ma znaczenia bo jakaz jest różnica między -400 a -450 (oczywiście 50 ale w procentach to mała różnica), jeśli wariat się nie trafi i nie zejdziemy na minus to liczba jaką wybieram ma znaczenie. Założenie że wartością średnio wybierana przez ludzi będzie 5 jest nie mądre ponieważ inni też będą chcieli maksymalizować wynik, wiec wybiorą liczbę z zakresu 8-10. Moje rozważanie jest pomiędzy 8 a 9, biorę większe ryzyko (9), bo nie chce mi się myśleć o nie liczbach naturalnych."
2026-01-06 01:15:28,6.0001,Ponieważ wszyscy dadzą powyżej 11 raczej
2026-01-06 09:18:26,0,Podanie zera o ile jest to legalna zapewnia 0ptk mam rozumieć ze wszyscy znają zasady gry wiec będą chcieli wynik jak najbardziej obniżyć wiec 0 daje 0 zawsze rozwazanie liczby ujemnej ma sens o ile wszyscy rzucamy liczby w tym samym momencie wtedy gracze nie mogą wyliczać wyniku na bieżąco i podać liczbę zaniżającają moj stan ptk
2026-01-06 10:10:34,-67,"bo 67 to fajna liczba, a zakładam że inne osoby dadzą +67 i potem warto pomnożyć ujemną sumę razy liczbę ujemną aby się udodatnił"
2026-01-06 11:02:07,8.33,równowaga nasha
2026-01-06 11:05:52,8,"50-8*5=10, 10*8... Jest blisko x^6 co jest na ogół dobrym rozwiązaniem w optymalizacji. Jeśli inni gracze zagrają źle,to i tak nic z tym nie zrobię "
2026-01-06 12:01:38,10,Statystycznie będzie git 
2026-01-06 12:17:24,14,nie pofiem 
2026-01-06 12:50:34,5,Bo kazda wieksza maksymalizuje szanse na przegrana
2026-01-06 13:05:12,-100,"Myślę, że wiekszość graczy da liczbę dodatnią, przez co ostatecznie suma wyjdzie ujemna, dzieki czemu mój wynik będzie dodatni "
2026-01-06 13:08:57,1,"Przejdzie na liczby ujemne i wtedy wszyscy będą mieli wysoki mnożnik, co sprawi że będą mieli niski wynik, a ja nie"
2026-01-06 13:13:29,8,"Nie za dużo odejmuje, ale jak mnożysz, to wtedy jest dużo na +"
2026-01-06 13:14:46,6,"Matematycznie najbardziej opłaca się wszystkim wybrać 5 (maksimum funkcji y=(50-5x)*x), ale ponieważ 50/5=10 i czuję że inni mogą dać liczby bliżej 10, to ja też swoją delikatnie podnoszę ;)"
2026-01-06 13:18:00,9,"Jest na tyle mała, że raczej nie zejdziemy do wyniku mniejszego niż 1 (zakładając że inni też nie dadzą zbyt dużych liczb) a jednocześnie nie jest najmniejsza więc końcowy iloczyn będzie większy "
2026-01-06 13:21:50,2,Gdy jest większa liczba zwiększa się prawdopodobieństwo na  liczbę ujemną.
2026-01-06 13:31:07,50,"Była pierwszą, która przyszła na myśl, bo przytłoczył mnie opis matematycznych obliczeń "
2026-01-06 13:31:27,6,"Jest spore ryzyko, że suma wszystkich pięciu cyfr będzie większa od 50. Wtedy każdy będzie mnożył swoją liczbę razy liczbę ujemną, więc korzystnie będzie mieć jak najmniejszą liczbę. Równocześnie chce “dołożyć się” do sumy, aby faktycznie przekroczyła 50, stad 6"
2026-01-06 13:45:02,24,Bo tak czuje (tzw. czutka mistrza)
2026-01-06 13:45:23,-1,"Jest bardzo duża szansa, że suma liczb podanych przez pozostałe 4 osoby będzie większa niż 50. Wtedy podanie dodatniej liczby pozostawi wynik ujemny. Można by było kombinować z dobraniem tej liczby ujemnej ale nie mamy informacji o rozkładzie albo czy inne osoby też grają optymalnie."
2026-01-06 13:46:13,11,"Jeżeli wszyscy uczestnicy podali by taką samą najbardziej optymalną dla ""ogółu"" liczbę to była by to piątka 5*(50-5*5)= 125. Myślę, że jednak część osób byłaby bardziej zachłanna i podała by liczbę trochę większą. Zakładam, że łącznie suma podanych liczb przez pozostałą czwórkę zwiększyła by się pewnie o dodatkowe 5 (kilka szóstek i kilka siódemek do 25). Wtedy dla mnie najlepsza była by 12 ( 12*(50-25-12)=156 ). Dla bezpieczeństwa wziąłbym jednak 11 (maksymalizuje mój wynik przy sumie innych do 27). Natomiast jeśli eksperyment byłby wielorazowy, a członkowie mogli by wybierać siebie nawzajem, wybierałbym cały czas 5. Polecam autorowi, bądź autorce zajrzeć do książki Axelroda o podobnej tematyce ""The Evolution od cooperation"", myślę że może być interesująca, oraz do filmiki na youtubie veritasium. https://youtu.be/mScpHTIi-kM?si=hUDIZDkcGgQP79-g"
2026-01-06 13:48:41,8,Ponieważ przy racjonalnych wyborach graczy jest to najlepsza opcja do maksymalizacji wyniku
2026-01-06 13:52:38,-100,"Gdyż, kiedy 4 inne osoby podadzą jak największe liczby, suma będzie ujemna a jak pomnożę przez -100, wynik będzie maksymalny"
2026-01-06 13:55:43,7,Siu 
2026-01-06 13:55:46,10,"Jeżeli średnio każdy da więcej niż 10 to nie będę mieć ostatniego miejsca, a jeśli inni się wystraszą i dadza mniej niz 10 by nie był wynik ujemny to będę mieć najwyższy wynik dodatni"
2026-01-06 14:00:05,5,"Zakładając, że wszyscy gracze grają uczciwie i logicznie, taka liczba pozwoli na osiągnięcie przez każdego z graczy najwyższego wyniku"
2026-01-06 14:04:17,5,Maksymalizuje wynik przy racjonalnych przeciwnikach 
2026-01-06 14:06:07,1,Mam takie przeczucie.
2026-01-06 14:06:55,-2,"Moim zdaniem osoby chcące zmaksymalizować swój wynik podadzą jak największy wynik, co przełoży się na ostatecznie ujemną różnicę. W tym przypadku najbardziej opłacalną opcją będzie wybranie ujemnej liczby bo pomnożenie ujemnego wyniku z moją ujemną liczbą, da mi największy wynik. "
2026-01-06 14:09:04,0,to najbezpieczniejsza opcja ponieważ gwarantuje brak wyniku ujemnego niezależnie od tego kto da jaką liczbę
2026-01-06 14:19:54,0,"0 daje mi gwarancję, że moja SUMA to 0, jest to jedyna opcja, w której na wynik nie mają wpływu inni, a jest bardzo duża szansa, że wynik odejmowania będzie ujemny a wszystkie liczby innych graczy dodatnie, czyli ja wygrywam. W szczególności, jeżeli można podawać tylko liczby naturalne :)"
2026-01-06 14:20:05,216,wczoraj sie ucieszyłem gdy zobaczyłem pierwiastek szescienny z tej liczby
2026-01-06 14:30:19,5,"gdy wszyscy wybiorą taką liczbę to suma będzie względnie duża, a ponadto twój wynik będzie względnie wysoki"
2026-01-06 14:38:26,-0.00001,"the optimal choice boils down to estimating if  50-x₂-...-x₅ > 0 or not
I imagine most participants will go with the intuitive choice of picking something between 5-10, let's say 3 of them. If all persons were like this (average), the best choice would be somewhere in the upper range of this, e.g. 7-10

But then there is a good chance of encountering someone bullish that selects more than 10 
And if this makes 50-x₂-...-x₅ < 0, my best strategy is to go with an extremely small number like -0.00001 to flip my score positive (or -1 if only integers are allowed).
 
So I guess I would try to read who my co-participants are, and if 
- they are mostly girls or look calm & reasonable, I would aim for 9
- if all guys and some of them is suspisious, I would go with  -0.00001

If I cannot read the backgrounds and I have to play many times with random people, I would choose something in the middle, like 5 (if people all people are good I'm okay to take a mediocre place, but most often there will likely be a bully in which case SUM < 0 and the one selecting the lowest coeff wins)"
2026-01-06 14:42:09,27,lubie ta liczbe
2026-01-06 14:55:07,25,gram sam :(
2026-01-06 14:57:56,19,bo jest unique
2026-01-06 15:17:48,-5,"Zakładam, że spośród dużej ilości osób biorących udział w badaniu, jest spora szansa na to że ludzie powpisują jakiekolwiek liczby dodatnie albo jakieś memiczne liczby pokroju 2137, 420 itp. i przez to wynik działania odejmowania będzie ujemny. Wobec tego po mnożeniu mój wynik powinien wyjść dodatni."
2026-01-06 15:48:21,-5,"Taką mam ideę że suma liczb pozostałych ludzi przekroczy 50, a nawet to 55, i wtedy - razy - daje + czyli free win"
2026-01-06 15:52:14,-2,"Jeśli suma spadnie poniżej zera to mój wynik jest dodatni. Nie chcę dawać zbyt ujemnej liczby ponieważ może ona spowodować dodatnią sumę ale chcę potencjalnie wygrać z wyborem -1.

Alternatywą byłoby coś z przedziału dodatniego ale jeśli inni zawodnicy też maksymalizują wynik to raczej skłonią się ku większym liczbom (aby wynik był wyższy), co może łatwo spowodować ujemną sumę. 
Wybranie niskiej liczby, aby utrzymać wyższą sumę może dać niższy wynik niż inni gracze.

Liczba ujemna może nie być aż tak brana pod uwagę (chociaż może się mylę)."
2026-01-06 15:55:09,-5,To ja tomek sprawdzam coś
2026-01-06 16:54:53,5,"Wybrałam 5, ponieważ przy założeniu, że każdy z nas wybierze tę samą liczbę, wszyscy otrzymamy najbardziej optymalny wynik. Może zdarzyć się tak, że ktoś weźmie liczbę mniejszą od 5, a ktoś inny liczbę trochę większą od 5, ale wtedy średnia suma odejmowanych liczb pozostanie w przybliżeniu taka sama. Pomysł ten nie sprawdzi się, gdy jedna (lub kilka) osób wybierze liczbę znacznie większą od 5, jednak zakładam, że z uwagi na ryzyko takiego postępowania, większość osób nie zdecyduje się na ten ruch."
2026-01-06 17:06:27,-10,"Jest duże prawdopodobieństwo, że suma podanych liczb przekroczy 50, przez co mój wynik będzie jedynym, bądź jednym z nielicznych dodatnich. Stawiam jednak ostrożnie i wybieram wysoką liczbę na minusie, by nie stracić zbyt wiele. "
2026-01-06 20:46:21,6,Bo tak 
2026-01-06 20:48:02,4,bo mi sie podoba
2026-01-07 09:25:41,39,Moj wiek to dobry wynik
2026-01-07 09:31:48,8,"8,33 byla by lepsza... :)"
2026-01-07 09:36:12,13,13 przynosi mi szczęście  :)
2026-01-07 09:42:26,7,Moja ulubiona
2026-01-07 10:23:41,9,"Zakładając, że pozostali uczestnicy podawali cyfry od 1-8 to mój wynik będzie najwyższy."
2026-01-07 11:00:25,7,Szczęśliwa dla mnie 
2026-01-07 11:04:14,4,Strzelam
2026-01-07 11:07:44,9,aby zmaksymalizować wynik
2026-01-07 12:51:22,100,Wybrałam ta liczbe losowo
2026-01-07 14:51:35,01134,Hello
2026-01-07 14:52:15,1,"Myślę, że przy pięciu osobach jest duże prawdopodobieństwo, że po odjęciu od 50 wyjdzie ujemna liczba, a każde mnożenie przez ujemną liczbę, będzie zmniejszało mój wynik. Mnożenie przez 1 najmniej go zmniejszy."
2026-01-07 15:29:41,11,Ponieważ to moja szczęśliwa liczba.
2026-01-07 16:40:02,5,"łatwo się mnoży, odejmuje itp"
2026-01-07 16:43:00,15,Losowo
2026-01-07 18:40:25,0,"Przy założeniu że wszyscy uczestnicy są w pełni racjonalni i sami mają te same założenia co do konkurentów stawianie na 9 ewentualnie 8 było by rozsądną opcją jednak takowego założenia nie ma i z racji nie zdefiniowania społecznej charakterystyki gry przewiduję konkurowanie z innymi wypełniającymi ankietę, a to oznacza standardy dalekie od pełnej racjonalności w grę wchodzą emocje powierzchowność troling, a nawet scenariż w którym jestem socjopata który wypełni ankietę tysiące razy z multikont wpisując 2137 ""just to prove the point"" brak górnego limitu i wypadkowa zachowań przeciętnego internauty sprawiają że zablokowanie wyniku na 0 by nie spaść z balansem poniżej. Oczywiście nie jest to strategia na wygraną bo trafi się szczęściarz któremu wylosują się odpowiedni partnerzy (chyba że jestem socjopatą to zadbam spamem by się nie trafili) jednak przy wyciąganiu średniej z wielokrotnych testów obstawiam że to zera zostaną jedynymi na powierzchni gdy cała reszta zanurkuje w długu spowodowanym niezrozumieniem pytania lub kotem na klawiaturze."
2026-01-07 20:26:14,25,"psychologia podpowiada, że celując w połowę można zyskać więcej niż idąc na całość XDDD"
2026-01-07 21:18:36,1,Najprostrza do liczenia
2026-01-07 22:11:51,12,Bez powodu
2026-01-07 22:24:43,1,Jeżeli S będzie ujemne będę miał najmnjej ujemną liczbę 
2026-01-07 22:41:13,8.33,Bo maksymalizuje iloczyn
2026-01-07 22:44:00,-1E+23,Najbardziej prawdopodobne jest że suma liczb innych osób będzie większa niż 50
2026-01-07 22:47:55,-1,Jesli ludzie sa odpowiednio chciwi (a są) to S wyjdzie ujemne więc wtedy wynik dodatni
2026-01-08 07:25:05,13,To moja ulubiona
2026-01-08 07:26:16,-100,Ponieważ 2 minusy dają plus
2026-01-08 08:01:42,0,Fifty-fifty czy liczba S dodatnia czy ujemna
2026-01-08 08:10:11,1,"Myślę, że prawdopobne jest, że w gronie 5 osób znajdą się takie, które podadzą dość duże liczby, przez co S będzie ujemne"
2026-01-08 08:11:35,10,"Lubię 10, nikt nie da nic dużego bo ryzyko wyzerowania więc ja mogę"
2026-01-08 08:27:08,49,"
Uznałem że muszę wziąć maksymalną liczbę która nie będzie powoduje zmienienia znaku S.
Zakładam że suma liczb 4 innych osób to 0"
2026-01-08 09:07:18,10,"Wątpię że to optymalne rozwiązanie, jest niepoparte obliczeniami, bardziej błędną intuicja "
2026-01-08 09:56:23,25,"nie biorąc pod uwagę strategii innych graczy najwięcej co mogę zrobić, to maksymalizować wartość wyrażenia x_1(50-x_1), co dzieje się gdy x_1=25"
2026-01-08 10:46:31,-1,"Zauważmy, że jak suma liczb innych osób przekroczy 50, to S zejdzie na ujemne. Wtedy pomnożenie mojej liczby przez S da wynik dodatni. Liczę, że nikt nie pomyśli poza pudełkiem oraz każdy pójdzie na chciwość z wielkością swojej liczby."
2026-01-08 10:48:35,7,"Coś o strategii remisowej gdy kazdy daje 10, rezerwa na osobę która da 20 i bez proboemu gdy wszyscy dadzą cyfry, nie ma jednoznacznegk wzorka bo zależy z kim grasz"
2026-01-08 11:00:26,10,"Maksymalny wynik uzyskamy jeżeli każdy poda 5 ale pewnie tak nie będzie. Jeżeli suma podanych przez nas liczb przekroczy 50 to wygrywa ten który podał najmniejszą liczbę, ale żeby tak było to przynajmniej jedna liczba musi być większa niż 10, więc napewno nie będę ostatni. Jeżeli suma podanych przez nas liczb nie przekroczy 50 to wygrywa ten który podał największą liczbę, ale żeby tak było to przynajmniej jedna z podanych liczb musi być mniejsza niż 10, zatem napewno nie będę ostatni. Jeżeli każdy poda 10 to będzie remis czyli z tego co rozumiem każdy wygrywa"
2026-01-08 11:05:02,8,"Załóżmy, że każda osoba wybiera strategię losującą odpowiedź o EV (Wartości oczekiwanej) równej x. Bez straty ogólności, jeżeli ktoś nie losuje to można założyć że też losuje (z szansą 1 dla danej liczby). Wówczas dla każdego gracza wynik to evS * x = (50-5x)*x. Co więcej, jeżeli evS>x, to każdy gracz będzie skłonny zwiększyć swoją liczbę - nawet, jeżeli zakładając, że po zwiększeniu innych graczy wynik spadnie, a po tylko i wyłącznie własnym zwiększeniu wynik nie spadnie, optymalnie jest zwiększyć - tak jak w ""dylemacie więźnia"". Analogicznie dla evS<x. Jedyną ""stabilną"" sytuacją jest więc evS=x, które jest jedyną równowagą Nasha - i jedyną sytuacją, gdzie gracze zdecydują się skończyć zmieniać wyniki. W innej sytuacji x będzie oscylować wokół evS=x. Właściwy x można więc obliczyć: evS=x, (50-5x)=x, 50-5x=x, 50=6x, x=50/6 = 8+2/6=8+1/3. Optymalne jest więc wybrać dowolne losowanie, które ma EV = 8+1/3, ja decyduję się wybrać losową liczbe z ciągu (9, 8, 8), zakładając, że inni gracze grają optymalnie (Jest to serwer MIKO więc mogę to założyć). Wylosowałem liczbę 8."
2026-01-08 11:09:07,12,"50/4, jak dam więcej to mogę mieć ujemny wynik. Co prawda jak każdy, ale ja będę mieć niższy. Jak dam mniej, to inni mogą więcej zyskać, bo daję im do tego ""przestrzeń"""
2026-01-08 11:11:57,10,"Proszę o usunięcie poprzedniej odpowiedzi, myślałem, że to łącznie 4 osoby grają.
Tak więc:
50/5, ciąg logiczny analogiczny - jak dam więcej, to mogę mieć ujemny wyniki w rundzie, który będzie najmniejszy. Jak dam mniej, daję innym przestrzeń do zysku większego niż mój."
2026-01-08 11:55:10,8,Na chybił trafił 
2026-01-08 12:03:25,-1000000000000,"Jeśli nie jest podany przedział, to suma podanych 5 liczb będzie prawdopodobnie ujemna. Żeby uzyskać maksymalny wynik, potrzebuję mieć jak najmniejszą liczbę."
2026-01-08 12:08:52,22,Dzień urodzin 
2026-01-08 12:11:20,5,Jeśli wszyscy gracze zrobili by ta strategie to wynik byłby największy (zakładając że liczby mają być od 0 do 50)
2026-01-08 12:11:52,5,bo lubie 5
2026-01-08 12:22:35,1,"Jeżeli inni podadzą liczby większe niż moja i wynik wyjdzie ujemny, to mnożąc następnie S przez liczby X1,X2, itd, to ja otrzymam najmniejszą liczbę ujemną, czyli w tym wypadku najwyższą. Zakładając, że nikt nie poda w takim scenariuszu liczby 0."
2026-01-08 12:37:08,25,"25 zawsze wygrywa bądź remisuje, jeżeli suma pozostałych liczb = 24 lub mniej to wtedy wygrywam, jeżeli suma równa się 25 to wtedy każdy remisuje"
2026-01-08 12:38:18,0,"Zakładam że gracze nie wdrażają strategii. Że działają Zgodnie z teorią gier.
Jeżeli wybiorą z przedziału od -1 do -nieskończoności to S będzie dodatnie, a następnie przemrożone przez ich ujemną liczbę - wynik każdego gracza mniejszy od zera 

Jeżeli wybiorą dodatnią od 51 do nieskończoności to S będzie ujemne, czyli wynik każdego gracza mniejszy od zero

Wybierając x=0 zawsze będziemy mieli wynik 0, bez względu na chciwość innych graczy. Więcej niż ujemne"
2026-01-08 13:47:30,0,"Wynik ""0"" jest lepszy niż jakikolwiek ujemny wynik, jeśli inni wezmą duże liczby, tak że S<0."
2026-01-08 13:54:48,13,Bo mi przynosi szczęście ....
2026-01-08 13:57:31,8.33,Jesli każdy da 8.33 to jesteśmy w równowadze nasha
2026-01-08 14:30:51,9,"Wybrałem 9, bo w tej grze wynik to iloczyn x*S, a nie samo utrzymanie wysokiego S. Bardzo małe liczby (np. 1) faktycznie zostawiają duże S, ale jednocześnie dają mały mnożnik, więc ktoś z umiarkowanie większą liczbą może łatwo uzyskać znacznie lepszy wynik. Z kolei bardzo duże liczby są ryzykowne, bo szybko obniżają S (a nawet mogą zrobić je ujemnym), co psuje wynik.

Ponieważ wybór jest jednoczesny i tajny, nie znamy sumy liczb innych osób. Matematycznie najlepsza odpowiedź zależy od tej sumy, ale gdy gracze myślą „racjonalnie”, naturalnie pojawia się wartość w okolicach 50/6 ≈ 8,33. To sugeruje, że część osób, które choć chwilę policzą, będzie wybierać okolice 8–9. Dlatego 9 jest dobrym strzałem: jest blisko punktu, do którego skłania sama matematyka, a jednocześnie jest odporne na typowe zachowania w eksperymencie społecznym (część osób wybierze mało intuicyjnie, część będzie kombinować). W scenariuszu, gdzie inni wybierają nisko, 9 daje wysoki wynik dzięki nadal dużemu S, a w scenariuszu z bardziej agresywnymi wyborami nie jest tak ryzykowne jak bardzo duże liczby."
2026-01-08 15:20:22,15,"Wybrałam 15, ponieważ daje ona najwyższy możliwy wynik przy umiarkowanej sumie pozostałych liczb, maksymalizując iloczyn mojej liczby i pozostałej części z 50, a jednocześnie nie niesie dużego ryzyka straty."
2026-01-08 16:22:29,1,"Zasady gry nie jasne. Nie wyjaśniono jakie należy podać liczby (ich zakres, to czy podaje się je na głos czy anonimowo a także czy mogą się powtarzać). Wynik może być ujemny a to wiele zmienia w grze."
2026-01-08 16:23:46,8.33,równowaga nasha
2026-01-08 16:33:26,7,"bo ludzie są zachłanni, więc ktoś weźmie prawdopodobnie dużą liczbę licząc, że inni zfoldują, rozsądni podadzą ~10, więc prawdopodobnie będzie S ujemne, więc daję stosunkowo małą liczbę by mało wyjść na minus, ale na tyle dużą, by S było faktycznie ujemne "
2026-01-08 16:43:05,8.33333333333333333333333333333333333333333333333333333333333333333333333333333333333333333333333333333333333,Matematyka.
2026-01-08 16:55:05,2,bo tak
2026-01-08 17:01:29,-1,"Jeśli suma będzie powyżej 50 to super bo pewnie każdy na dodatnią, jeśli każdy wezmie ujemne to też wygram a inne przypadki można pominąć ponieważ nie kończ się pozytywnie "
2026-01-08 17:15:22,8,Tak o 
2026-01-08 17:16:09,21,Moja ulubiona
2026-01-08 17:17:39,7,bo to fajna liczba
2026-01-08 17:17:55,5,Dla beki
2026-01-08 17:17:59,67,bo jest śmieszna
2026-01-08 17:18:04,8,Najbliżej równowagi 
2026-01-08 17:18:34,200,Nikt nie wygra jeśli będzie 0
2026-01-08 17:18:42,5,"Jeżeli każdy z uczestników myśli racjonalnie i chce zmaksymalizować swój wynik, sytuacja jest symetryczna. Wtedy sensowne jest założenie, że pozostali wybiorą tę samą liczbę co ja.

Mój wynik:
x \cdot (50 - 5x)

To jest parabola skierowana w dół. Maksimum wypada dokładnie w wierzchołku:
x = 5

Sprawdzenie:
	•	suma liczb: 5 \times 5 = 25
	•	S = 50 - 25 = 25
	•	mój wynik: 5 \times 25 = 125

Każda próba „cwaniakowania” (np. 8, 10 itd.) obniża wynik, jeśli inni też myślą logicznie."
2026-01-08 17:18:54,67,67
2026-01-08 17:20:00,3,To moja szczęśliwa liczba 
2026-01-08 17:20:13,0,"Ponieważ zakładam że wszyscy podadzą wysokie liczby gdzie wartosc odejmowania wyjdzie ujemna, co sprawia ze wyniki iloczynów wyjdą też ujemne a moja wartość wyniesie 0."
2026-01-08 17:20:32,5,"Wybrałem 5 bo jeśli podam za dużą liczbe suma wszystkich będzie duża, S będzie małe, a mój wynik spadnie, jeśli podam za małą liczbę, S będzie duże, ale ja mnożę przez małą liczbę, więc wynik też będzie niski, a 5 jest w środku ani za duza, ani za mała, daje rozsądne S i wynik, a gdy wszyscy wybiorą 5, suma = 25, S = 25, wynik = 125, i jeśli zmienię liczbę, a inni zostaną przy 5, mój wynik będzie niższy, więc 5 to najlepszy wybór."
2026-01-08 17:21:58,5,5 jest liczbą równoważną ani nie minimalizuje mojej straty ani nie maksymalizuje zysku 
2026-01-08 17:22:00,-100,Moja liczb będzie największą z pośród ujemnych wyników 
2026-01-08 17:25:11,50,Niech wygra najmniej chciwa osoba
2026-01-08 17:25:41,7777777,Moje ulubione cyfry
2026-01-08 17:26:35,12,"Liczę na to, że pozostali uczestnicy podadzą liczby z bezpiecznego przedziału 6 - 9"
2026-01-08 17:27:28,5,Nie został określony w zadaniu przedział liczbowy ale wnioskuję ze jest od 0 do 10 . Wybrałabym liczbę 5 zakładając ze każdy z graczy maximalizuje indumywidualny wynik 
2026-01-08 17:27:45,11111,tyle jedynek ile osób bierze udział w grze czyli: 11111
2026-01-08 17:34:20,1750,"Warunek 1: zakladam ze poruszamy sie w zbiorze liczb dodatnich. Jesli tak, aby wynik tego działania był najwyższy suma kolejnych 5 liczb musi być najmniejsza a to znaczy że są to liczby 1,2 3,4,5. Ich suma to 15 >50-15=35. Aby iloczyn dwóch licz byl najwyższy to trzeba pomnożyć otrzymany wynik przez najwyższa liczbę ze zbioru, tzn przez 50. Wynik 35x50=1750"
2026-01-08 17:35:25,1,Nie ma takiej liczby która dawała by za każdym razem wynik wyższy od innych po pomnożeniu przez S jedyne na co można liczyć to że inni uczestnicy gry dadzą numery z tym samym symbolem i większą wartością od 10 wtedy 1 zawsze wygrywa co za tym idzie wydaje się to najlepsza opcja nie znając wyboru innych graczy
2026-01-08 17:38:34,5,ahhh piekny umysl i Nash...
2026-01-08 17:44:52,5,Domyślam się że każdy rzuci się na jak największe liczby chcąc zdobyć jak największy wynik. Liczba S może osiągnąć wartość poniżej 0. To może być niebezpieczne. Jeżeli jest pięciu graczy 50:5=10 celowałbym w liczbę od 0-10. Oczywiście w pierwszej rundzie trudno przewidzieć zachowanie przeciwników.
2026-01-08 17:47:32,6,"Wybrałem liczbę 42( jedna książka opisuje że jest ona odpowiedzią na wszystko) , następnie dodałem do siebie 4 i 2."
2026-01-08 17:48:18,8,"im większą wybiorę liczbę, tym większy mnożnik, ale nie biorę 9, żeby nie być zbyt chciwym"
2026-01-08 17:49:59,3,poniewaz 3 jest moja szczesliwa liczba i nie moze az tak zaszkodzic tej S
2026-01-08 17:57:16,5,bo jest tak pomiędzy 0 a 10
2026-01-08 18:00:21,67,"-Jak podam za dużą liczbę to S bedzie ujemne i przegram
-jak podam za małą liczbę to wiadomo\; jak ujemną to nie mam szans chyba, że ktoś jeszcze da ujemną to mam farta i wydaje mi się że intuicyjnie (jest nieskończenie wiele liczb do wyboru) nie ma strategii wygrywającej czyli 67 to najlepszy wybór."
2026-01-08 18:07:48,2,Czym mniejsza liczba tym większy wynik mnożenia 
2026-01-08 18:12:22,0,"Inni gracze mogą podawać bardzo duże liczby i wtedy S może zrobić się ujemne. W opisie gry brak informacji jaką liczbę można wybrać - dowolną rzeczywistą, czy tylko nieujemną...?"
2026-01-08 18:14:46,-1000,"odejmie się poniżej zera i potem jak się pomnoży to będzie duża liczba dodatnia, o ile inni tak nie zrobią ale gambling ftw"
2026-01-08 18:17:17,11.1,"Spodziewam się, że większość ludzi zagra bezpiecznie w zakresie 1-9, aby nie uzyskać ujemnego S. Bedą spodziewać się tego samego od innych ludzi. Przy dodatnim S muszę mieć najwyższą liczbę ze wszystkich graczy. Moge mieć conajwyzej tyle marginesu powyżej 10 ile spodziewam sie marginesu zostawionego przez resztę graczy. W grupie oczywiście moze sie trafić taki sam cwaniak jak ja, stąd wartość po przecinku, żeby go wyprzedzić."
2026-01-08 18:17:48,67,67
2026-01-08 18:17:54,67,67
2026-01-08 18:19:30,-1E+63,"Są duże szanse na to, że S będzie ujemne, i pomnożenie tego przez liczbę ujemną da duuuza liczbe"
2026-01-08 18:20:04,28,Ostatnio wydaje się ona szczęśliwą liczbą dla mnie
2026-01-08 18:21:07,-100,"Są duże szanse na to, że S będzie ujemne i pomnożenie tego przez liczbę ujemną da duży wynik"
2026-01-08 18:22:13,1,"Upraszcza obliczenia, i tak nie jestem w stanie na początku przewidzieć liczb wybranych przez innych graczy."
2026-01-08 18:25:45,1,"Jesli ja i pozostale osoby wybierzemy 1, wynik koncowy bedzie najblizszy liczbie wyjsciowej (przy zalozeniu, ze wybieramy liczby calkowite). "
2026-01-08 18:29:45,4,"To jest losowa gra, nie mam wplywu na reszte ludzi i liczba 4 jest pierwszą, o ktorej pomyślałem."
2026-01-08 18:30:01,34,"Wybrałem liczbę 34, ponieważ przy pozornie losowym wyborze mój mózg zastosował uproszczone mechanizmy decyzyjne (heurystyki). Unikałem liczb skrajnych oraz okrągłych, które są postrzegane jako mniej losowe, a liczba 34 znajduje się w środkowym zakresie i sprawia wrażenie neutralnej oraz przypadkowej. Decyzja była wynikiem automatycznych, nieuświadomionych procesów poznawczych, a nie świadomej analizy czy przypisywania tej liczbie szczególnego znaczenia."
2026-01-08 18:33:23,-3,"Ktoś mógłby pomyśleć, że weźmie jak najwięcej, np. 30, żeby mieć jak największy mnożnik. I wtedy jest duża szansa, że S będzie ujemna."
2026-01-08 18:41:47,-5,"Najpierw chciałam podać jak największą liczbę, ale uświadomiłam sobie, że wynik będzie na minusie. W ogóle, minusowy wynik to wg mnie największy problem w tej grze. Dlatego dałam -5. Zakładam, że 5 podanych liczb może w sumie dać liczbę większą od 50, a więc wynik będzie na minusie. Jeśli pomnożymy to przez inną ujemną liczbę, wynik będzie dodatni. Nie dałam mniej niż -5, żeby nie przesadzić (bo suma mogłaby dać wynik dodatni i wtedy przegrywam). Zakłam też, że inni ""automatycznie"" dadzą liczby dodatnie (nikt w pierwszej chwili nie myśli o ujemnych w takich grach). "
2026-01-08 18:46:32,-1,"Jeśli reszta graczy poda liczby, których suma przekroczy 51, oraz nikt nie da mniej niż -1 to jako jedyni będziemy mieli dodatni wynik. Zmniejszenie x_1 do np. -100 poskutkuje zwiększeniem minimalnej sumy reszty liczb do 150, co jest mniej prawdopodobne do przekroczenia."
2026-01-08 18:46:33,9,Dzień urodzin syna 
2026-01-08 18:54:25,10,Bo 50 podzielone na 5 jest rowne 10
2026-01-08 18:56:05,-2,Liczę na to że większość da dodatnie i wtedy mam raczej winka bo większość da wieksze liczby z zalozeniem że będą tylko dodatnie. Dodatkowo -2 żeby mieć więcej od tych co dadzą -1 xd
2026-01-08 19:02:17,5,"Założyłem, że wszyscy gracze są racjonalni i mają ten sam cel, więc każdy wybierze tę samą liczbę."
2026-01-08 19:13:35,7,"Jest to moja szczęśliwa liczba
Chciałbyś się ze mną skontaktować, chętnie bym się dowiedział czegoś więcej +48 600 680 390"
2026-01-08 19:32:13,33,Jest to moja liczba mistrzowska w numerologi
2026-01-08 19:34:08,11,"Mam nadzieje, że liczba nie wyjdzie poza 50. Nie daje -1, bo ograniczam się do liniowej funkcji uzyskania puntków."
2026-01-08 19:34:14,25,bo tak
2026-01-08 19:36:15,25,bo jest w polowie i ma najwiekszy sens
2026-01-08 19:43:22,5,tak mi wyszlo po wyliczeniu rownowagi nasha i zalozeniu ze wszyscy tez jej uzywaja.
2026-01-08 19:43:35,-1,67
2026-01-08 19:58:20,5,"Każdy gracz może załatwić pozostałych dając dużą liczbę, z czym nic nie da się zrobić. (jeżeli tego się spodziewamy to dajemy 0, bo to zmaksymalizuje nasz wynik.) Zakładając, że każdy gracz gra optymalnie, i nie posiada informacji o pozostałych, to każdy dotrze do tej samej optymalnej wartości. Zakładając to dochodzimy do maximum funkcji x(50-5x), czyli x=5."
2026-01-08 19:59:25,10,"troche nie chce mi sie tego rozpisywac ale no moja liczba musi byc najwieksza, jak S bedzie ujemne to niefajnie, wiec chce aby bylo dodatnie ale tez bezpiecznie zeby bylo. jak ktos poda liczbe <=9 to prawdopobioienstwo ze S ujemne maleje, a ja mam wieksza liczbne wiec git,  a jak >=11 to prawdopodobientwo ze S ujemne rosnie, wiec ja bym wygral"
2026-01-08 19:59:49,9,Otrzymany wynik mnożony przez liczbę 9 gwarantuje najwyższy wynik.pod.warunkiem że otrzymaną suma będzie wyższa niż 0 a pozostałe cztery osoby podadzą liczbę niższa od 9 
2026-01-08 20:00:22,5,"Optymistycznie, choć być może złudnie zakładam, że pozostałe 4 osoby także wybiorą liczbę 5. Gdy wszystkie osoby wybiorą tą samą liczbę, S = 50-5x i wynik = x(50-5x). x(50-5x) przyjmuje wartość największą dla x = 5."
2026-01-08 20:05:49,10,Nie mam pojęcia. Strzelałabym. Jestem tylko humanistą;)
2026-01-08 20:06:16,10,Duzy mnoznik i w miare malo zmniejszona od 50
2026-01-08 20:14:01,-1,daje liczbę ujemną i liczę na to że inne osoby dadzą za duże liczby typu 20 15 10 10 co spowoduje że S będzie ujemne a co za tym idzie tylko mój iloraz x×S będzie dodatni
2026-01-08 20:18:07,8,"Wydaje mi się, że to taka nie za duża (żeby S nie było ujemne) i nie za mała liczba (żeby S było pomnożone jak najwięcej razy)."
2026-01-08 20:19:48,12,"Mój numer z dziennika, a dziś był szczęśliwy:)
Na poważnie - nie umiem w matmę, a to mi się wydaje optymalnie najlepsza opcja"
2026-01-08 20:29:31,-2,"Większość osób poda dosyć wysoką liczbę zapewne większą niż 12, lub chociaż jedna osoba da bardzo wysoką, S będzie na minusie przez co tylko x minusowe będą miały wynik na plusie, aby uniknąć że ktoś inny poda -1 wpisuje -2."
2026-01-08 20:34:07,5,"Jesli wybiore duza liczbe ryzykuje wynik ujemny - wysoka strata, jesli wybiore 5 a inni losowo wybiora male liczby to mam super mnoznik. Kazdy w grze chce otrzymac duzy wynik, wiec jest szansa na szczescie."
2026-01-08 20:56:48,1,"Nie gra roli jaką liczbę wybiorę bowiem pozostałe 4 to wielka zagadka jednakże liczba 50 w wzorze zasugeruje dużej ilości osób, że ""trzeba"" podać liczbę dodatnią. Wobec powyższego dla wartości jeden chyba mam sporą szansę na wygraną :))"
2026-01-08 20:57:16,1,Pozwoli mi to uzyskać możliwie najwyższy wynik
2026-01-08 20:58:14,-100000000,jeśli odejmiemy wszystkie liczby od 50 to powstanie bardzo duża liczba ujemna po pomnożeniu jej przez moją liczbę czyli  ujemną wyjdzie bardzo duża liczba dodatnia
2026-01-08 21:01:24,1,żeby wyszedł największy wynik 
2026-01-08 21:03:50,-3,"Jeśli suma wszystkich osób będzie większa od 50, to S będzie ujemne, więc wynik będzie dla mnie wtedy nie mniejszy niż 150."
2026-01-08 21:04:35,4,Nwm
2026-01-08 21:07:19,0,dodatnie i ujemne liczby są nieprzewidywalne i zależą od wyborów pozostałych uczestników
2026-01-08 21:11:07,10,Sprawdziłem jaki jest najbardziej uśredniony wynik
2026-01-08 21:12:53,45,Ponieważ 1 była moja liczą i innych
2026-01-08 21:14:14,-20,"Zakładam, że inni podadzą liczby które zsumowane będą większe od 70, wtedy ujemna razy ujemna da dodatnia, może nikt inny nie da liczby ujemnej"
2026-01-08 21:16:38,9,"jak wynik odejmowania bedzie ujemne to lepiej miec liczbe najmniejsza, a jak bedzie dodatnie to najwieksza. ale tez 50/5=10, wiec optymalna liczba od 5 do 14 "
2026-01-08 21:29:46,10,"Zakładając że jak każdy wybierze 10, to nikt nic nie dostanie. Jeśli wybiorę mnie to mogę nie zyskać, jeśli więcej to mogę stracić (reszta 10). Rozumuję że danie poniżej 10 jest nie optymalne. Danie 10 jest pewnie najlepszą strategią nie znając wyboru innych."
2026-01-08 21:31:56,9,"Mój wynik to x1*(50-P-x1), gdzie P to suma wyborów pozostałych osób. Jest to funkcja kwadratowa, która ma maksimum dla x1=(50-P)/2. Zakładając, że pozostali gracze też to wyliczyli x1=(50-4x1)/2, czyli x1=25/3=8,(3). Czyli, jeżeli liczba ma być całkowita to najbliższa jest 8. Dlatego wybrałam 9, bo jeżeli pozostali wybrali 8, to mój wynik wynosi 81."
2026-01-08 21:34:22,1E+114,"duża liczba, duży wynik"
2026-01-08 21:43:38,-1E+20,"minus nieskończoność 
gry nie da się wygrać. zbyt wiele zalezy od przypadku (innych osób)"
2026-01-08 21:55:42,-3,"Podejrzewam, że inne osoby będą zuchwałe i podadzą duże liczby dodatnie, żeby osiągnąć wynik wyższy niż inni. W ten sposób łączna różnica łatwo ""zejdzie na minus"" i wtedy tylko pomnożenie jej przez drugą liczbę ujemną da dodatni, być może wysoki wynik."
2026-01-08 22:04:00,7,Zakladajajac ze wszystkie wartosci sa te same mozemy zauwazyc ze najbardziej optymalne byloby 5. majac nadzieje ze przeciwnicy rowniez to zauwazyli uznaje ze wynik bedzie wystarczajaco duzy zeby pomnozenie go przez 7 dawalo liczbe wieksza niz pomnozenie go przez 5 i dodanie 10
2026-01-08 22:09:14,5,"Zakładając że pozostali zakładają racjonalne rozumowanie u innych, powinni podać liczby w okolicy 5. Niektórzy mogą podać liczby wyższe, ale tym bardziej 5 jest o.k."
2026-01-08 22:25:43,10,mój kolega dał -10  https://tenor.com/pl/view/steamhappy-steam-happy-steam-happy-emoji-gif-8108676584237132839
2026-01-08 22:25:49,-10,"Flipuję że inni dadzą takie liczby, że S będzie na minusie. Nie podaje mniejszej liczby, ponieważ S ma wtedy mniejszą szansę na bycie na minusie, a przynajmniej tak mi się wydaje"
2026-01-08 22:30:00,10,"Zacznijmy od tego, że biorąc 4 losowe osoby i pytając o dowolną liczbę jest małe prawdopodobieństwo na to, że akurat wskażą liczbę ujemną, tym bardziej niecałkowitą. Również wiele osób oprze swoje wyniki o liczby nie większe niż 50 ale większe od zera, ponieważ nie chcą aby wynik był ujemny. 
Pierwszy naturalnym instynktem ludzkim będzie współpraca w rywalizacji polegająca na nie braniu liczb większych od 10, by wynik nie spadł poniżej zera (Bo wtedy czym większą liczbę dodatnią wybrałeś tym mniejszą uzyskujesz ostatecznie). Dlatego kluczem jest założenie najbardziej prawdopodobnego scenariusza, gdzie każdy początkowo myślał o 7, ale stwierdził, że inni też tak pomyślą i dadzą lekko wyższą. 
Czemu akurat 7? Ponieważ wydaje się dość dużym mnożnikiem końcowym, i zapewnia to że różnica liczb nie spada poniżej zera. Druga sprawa to, że liczba 7 jest szeroko zakorzeniona w naszej kulturze i kojarzy się pozytywnie z szczęściem. 
Dlatego na wszelki wypadek wybieram liczbę 10, gdyby jednak inni uznali, że 50/5 = 10, więc dla nich taka liczba będzie idealna, wtedy doszłoby do remisu, a to lepsze niż przegrana. 
Liczby większe od 10 są ryzykowne, gdy rozpatrujemy to nie znając charakterów swoich przeciwników. Nie ma sensu ryzykować, bo zapewne i tak dadzą 7,8,9,10."
2026-01-08 22:37:24,20,Zakładam że reszta może dać liczbe mniejszą od mojej
2026-01-08 22:37:38,5,"Jeżeli wszyscy w miarę rozumieją tę grę, powinno im zależeć na jak najmniejszej stracie z odejmowania (50 minus x1 minus x2 minus x3 minus x4), przy jednoczesnym jak największym mnożeniu. Dlatego, metodą prób i błędów, doszedłem do liczby 5."
2026-01-08 22:37:50,4,"Chce podać jak najmniejszą liczbę, żeby jak najmniej stracić przy odejmowaniu. Z drugiej strony chciałbym dużą liczbę, żeby zyskać przy mnożeniu. Stwierdziłem, że ludzie grający w tą grę też będą chcieli maksymalizować swoje liczby i pójdą podobnym tokiem myślenia. Dlatego muszę wybrać małą liczbę, żeby mało odjąć od początkowej. Ta liczba nie może być też zbyt mała, większa niż przeciętny wybór (żeby wygrać i mieć więcej niż przeciwnicy) dlatego postawiłem na 4."
2026-01-08 22:55:59,1,"Bardzo Ciekawe zadania. Ostatecznie chyba 1  licząc na to, że suma punktow  pozostałych czterech  graczy będzie większa od 50. Wówczas różnica między 50 a suma wszystkich punktów będzie mniejsza od 0. I mnazac wynik przez moje 1 będę najbliżej. "
2026-01-08 22:56:17,37,Zawsze liczba którą wybieram ma na końcu 7 a 3 losowe
2026-01-08 23:35:44,8,"jest to liczba w miare środku bezpiecznego gdzie gracze nawet po zagraniu np.10 czy 11 zabiorą sobie więcej niż mi, a ci co bezpiecznie zagraja 1 czy 2 nie przebują mojego progu punktowego"
2026-01-08 23:35:58,-5,"Liczę na to że pozostali uczestnicy chcąc zdobyć jak najwięcej punktów wybiorą takie liczby aby w 4 osoby przekroczyć sumę 55 punktów, co da ujemny wynik, który pomnożony przez moje -5 da dodatni wynik, który może być nawet spory zależnie od innnych graczy."
2026-01-08 23:48:30,14,"jest to liczba na tyle mala, ze różnica nie bedzie ujemna, a iloczyn bedzie duży "
2026-01-09 07:14:18,13,Moja szczęśliwa liczba
2026-01-09 07:33:00,10,10
2026-01-09 08:11:41,25,"Skoro 50 jest progiem od którego odejmujemy liczby, a następnie mnożymy wynik przez wskazaną liczbę i chcemy uzyskać jak największy wynik, to aby osiągnąć ten cel nie możemy przekroczyć połowy wskazanej liczby 50"
2026-01-09 08:36:02,10,"Liczba 10 daje szansę na maksymalny wynik,  oczywiście przy założeniu,  że wszyscy pozostali nie zrobią tego samego"
2026-01-09 08:54:51,9,"Pozostałe osoby wybrały zero ( bo to ja im mogę wybrać liczbę, jeśli one same miałyby wziąć udział w grze pewnie nie wybrałyby zera), mnożąc uzyskaną liczbę 41 x9 uzyskamy najwyższy wynik ( 369)"
2026-01-09 08:58:32,10,Liczę że pozostali uczestnicy podadzą liczbę niższą z pierwszej 10-tki i mój końcowy wynik będzie najwyższy. 
2026-01-09 08:59:04,5,"
Jeśli wszyscy podadzą taką samą liczbę, czyli 5, to powinien wyjść najwyższy wynik (25x25)."
2026-01-09 09:05:34,15,"Wziąłem pod uwagę tylko sytuacje, gdzie mam szansę na najwyższy wynik(średni wybór przeciwników 1-8). Myślę, że przeciwnicy nie mają tendencji do wybierania ""1"", więc średni  najlepszy wybór to będzie 15."
2026-01-09 09:17:54,-1,"pewnie ci inni ludzie dadza dużą liczbę, żeby wygrać. strzelam ze zejdzie ona poniżej zera. wtedy mój mnożnik będzie np -1*-10.  przez to ja dając najmniejszą liczbę na minusie będę mieć więcej niżeli ktokolwiek kto dał liczbę dodatnia. gorzej jeżeli dadzą małe liczy "
2026-01-09 09:24:16,10,"Zakładam, że liczby wszystkich uczestników będą w okolicach 10, bo każdy będzie zakładał, że przy takich wartościach zbliżymy się do zera lub osiągniemy wartości ujemne. Jeśli tak się stanie, nikt nie osiągnie wyniku wyższego. Jeśli wszyscy przekroczą 10, będę miał najlepszy wynik. "
2026-01-09 09:24:37,1,"W ten sposób otrzymuję swój pierwszy mnożnik (tj. x1) najwyższy z możliwych do osiągnięcia, a drugi jest wspólny dla wszystkich pięciu osób"
2026-01-09 09:58:50,24,Lubię 24
2026-01-09 10:02:00,5,"chce uzyskać możliwie jak najmniejsza liczbę po odjęciu sumy, a im wyższa liczbę pomnożymy przez moja liczbę tym lepiej? :) ps. głowa mi się spociła od myślenia "
2026-01-09 10:27:36,9,ponieważ wyjdzie najwyższy wynik jeśli każdy z 5 osób poda 5 
2026-01-09 10:44:27,5,jezeli pozostale osoby podadza rowniez cztery to wynik bedzie wysoki
2026-01-09 10:46:59,7,"Łatwiej można potem w pamięci pomnożyć, gdy jest liczba jednocyfrowa "
2026-01-09 10:59:17,5,"Zakładam, że inne osoby będą chciały współpracować w celu uzyskania jak najwyższego, sprawiedliwego wyniku i wszyscy odpowiedzą 5"
2026-01-09 11:22:36,4,To był mój numer w dzienniku w szkole.
2026-01-09 11:33:01,51,"chciałem wybrać liczbę większą od 50 ale żeby nie była zbyt duża
"
2026-01-09 12:18:29,15,wybrałem liczbę 15 ponieważ tyle mam lat :)
2026-01-09 12:24:00,9,"Wybrałem 9, ponieważ inne osoby również chcą uzyskać maksymalny wynik. Jeżeli każdy wybrałby liczbę większą niż 9, suma wyniosłaby 0 lub była ujemna, a nie taki jest cel. Jednocześnie przez mnożenie na końcu przez moją liczbę powinna być ona możliwie duża, dlatego 9 wydaje mi się optymalnym rozwiązaniem."
2026-01-09 12:25:24,1,"Przypuszczam, że pozostałe 4 osoby będą chciały podać jak najwyższe liczby, żeby potem mieć wyższy czynnik w mnożeniu. Czyli istnieje ryzyko, że wynik odejmowania będzie mniejszy niż zero. Wtedy mnożąc go przez 1 wynik będzie najwyższy.
Ps. Myślę, że gdyby był podany przedział wyboru liczby to decyzja byłaby łatwiejsza, ale i ryzyko mniejsze, więc mniej adrenaliny ;)"
2026-01-09 12:47:18,10,"Na początek rozważyłem co jeśli by podać jakąś dużą liczbę. Myślałem żeby wybrać liczbę 25 by być w połowie, tym optymalnym miejscu przy podliczaniu wyników niezależnie od końcowego S. Jednak przy czterech innych osobach 25 + suma liczb innych osób może w łatwy sposób być większa od 50. Jeśli suma pięciu wybranych liczb przekroczy 50 to wchodzimy na liczby ujemne i wygrywa osoba która podała najmniejszą liczbę. Czyli lepiej jest unikać większych liczb żeby do tego nie doszło, a jak już dojdzie to by być w lepszej pozycji. Później myślałem nad liczbą 15, ale dalej wydawała mi się zbyt wielka. Myślę, że w większości wybierane by były liczby od 1 do 10, choć ja od razu zacząłem myślenie od wielkich liczb więc muszę się liczyć z tym, że ktoś także może na to wpaść. Dlatego myślę że lepiej wybrać liczbę mniejszą niż większą, ale na pewno większą od 9 by wygrać w sytuacji gdzie każdy podał liczbę od 1 do 10. 

Zastanawiałem się jeszcze trochę nad podaniem liczby ujemnej, ale to przydawało by się tylko, gdy suma liczb czterech innych osób jest większa od 50 + moja ujemna. Myślę że to mało prawdopodobne (przynajmniej za pierwszym razem grając z kimś w grę. Dużo zależy od tego z kim gram i ile razy już grałem z daną osobą). 
Nie wiem czy gra zakłada możliwość podania ujemnej liczby. Z jednej strony brakuje mi tego zakresu możliwych liczb do wyboru, z drugiej jeśli by to było od razu powiedziane to każdy by sobie z tego zdawał sprawę co zmniejszyłoby moją przewagę."
2026-01-09 13:55:15,0,"Daję zero, bo nie wiem co wiedzą pozostałe cztery osoby. Czy one podają dowolną liczbę, czy też mają takie same reguły jak ja (czyli ich zadaniem jest osiągnięcie jak najwyższego wyniku). Liczba zero gwarantuje, że mój wynik nie będzie ujemny. W każdym innym przypadku mogę otrzymać wynik ujemny. Wynik zero plasuje mnie niemal w połowie stawki (liczb ujemnych i dodatnich jest tyle samo)."
2026-01-09 14:00:57,10,pierwsza jak przyszła mi  na myśl 
2026-01-09 14:28:08,15,"Jeśli podawanie liczby odbywa się w jakiejś określonej kolejności to w zależności w którym momencie bym się znajdował musiałbym oszacować co reszta uczestników by podała, i wziąć pod uwagę to co zostało podane, natomiast, jeśli wszyscy uczestnicy podają liczbę jednoczenie to wybrałbym liczbę 15, ponieważ jeśli wynik końcowy zostałby dodatni otrzymałbym na pewno dosyć spory wynik co pozwoliłoby mi wygrać, natomiast jeśli wynik byłby na minusie, po przemnożeniu przez moją liczbę byłby jednym z tych który nie spowodował by zajęcia jednego z ostatnich miejsc. "
2026-01-09 14:49:47,5,Zakładając że wszyscy wybiorą tą samą liczbę to 5 da największy wynik (125)
2026-01-09 14:50:52,1,"Uznałem, że najbezpieczniej będzie podać małą liczbę tak aby mieć większą szansę na to że liczba S spadnie do zera lub mniej co by skutkowało stratą punktów, lub wyjściem na minus"
2026-01-09 15:01:27,8.5,Najbardziej optymalna liczba
2026-01-09 15:33:20,10,losowo
2026-01-09 15:51:34,5,5 żeby otrzymać jak najwyższą liczbę z mnożenia.
2026-01-09 15:58:22,8,Równowaga
2026-01-09 16:20:53,10,"gdy wszyscy damy 10 to będzie 0 to da remis
gdy wszyscy dadzą ponad 10 to ja najmniej mnożę ujemną czyli mam najwięcej
gdy wszyscy dadzą poniżej 10 to mam największy mnożnik
gdy wyniki są mieszane to wszyscy mamy tak samo małe szanse a zakładam że wszyscy będą celować w danie czegoś poniżej 10 bo nie będą chcieli zejść do liczb ujemnych
"
2026-01-09 16:26:23,9,No ogółem z tego co mi się wydaję ludzię zazwyczaj myślą o liczbie 7 najpierw więc podam 9 bo 50-4*7=32 32-9=23 23*9 > 23* 7. I to tyle chyba
2026-01-09 16:31:05,9,"9 to największa możliwa mnożna. Choć większy wynik możnaby uzyskać przy mniejszych x czyli większym S, ale zakładam że nie znam liczb innych osób"
2026-01-09 16:40:12,-100000,"Nie było podanego zakresu podawanej liczby, mógłbym dać jeszcze większą ale nie chce mi się pisać. Wiem że liczby które mnożę są obie ujemne więc będzie dodatnia."
2026-01-09 16:44:51,8,W zależności od uczestników z ktorymi gramy liczba ta powinna sie roznic. Niezaznajoma osoba wybierze 10 lub wiecej co przelozy sie na ujemną niewiadomą S. Wynik przy wyborze 8 w przypadku S=-1 jest najmniejszy. 
2026-01-09 16:56:22,21,Sprawdziłem w głowie pare liczb i zauważyłem że po 23 wynik już przestaje rosnąć jednak nie spędziłem dużo czasu nad zadaniem więc nie mam pewności czy wynik jest poprawny 
2026-01-09 16:58:26,23,Sprawdziłem parę liczb w głowie  i zauważyłem że po 23 wynik przestaje rosnąć lecz nie jestem całkowicie pewny  bo nie spędziłem dużo czasu nad zadaniem(w poprzedniej odpowiedzi zapisałem niechcący nie ten  numer więc piszę jeszcze  raz)
2026-01-09 16:59:55,10,"Włożyłem do desmosa wszystkie dane i zmienne, lecz było za dużo zmiennych i założyłem że wszystkie pozostałe osoby dadzą tą samą liczbę i wyszło że zawsze będę mieć najwyższą liczbę dając 10"
2026-01-09 17:05:27,5,Tak mi się wydaje 
2026-01-09 17:37:17,4,"Napisałam wzór funkcji, a potem ją narysowałam"
2026-01-09 18:05:35,-1,"zgaduję, że pozostali uczestnicy mogliby wybrac liczby ktorych suma znacznie przekraczalaby 50 poniewaz chcieliby uzyskac jak największą liczbę punktów jeżeli tak by się wydarzylo to jako jedyny posiadajacy ujemna liczbe x mialbym dodatni wynik, jezeli inni pomysleliby jednak w ten sam sposob co ja to majac nie daleką od zera liczbe jak -1 mialbym rowniez najwyzszy wynik bo -1 * dodatnie S jest wieksze niz -10 *s "
2026-01-09 18:13:48,-1,"Zgaduje ze każda osoba da ponad 10, i mam nadzieje ze suma po odjęciu bedzie ujemną. Wtedy jako jedyna bede miała dodatnia liczbę
"
2026-01-09 18:20:04,25,"statystyczny rozkład jest ~0, więc S~=50-0-25, a nikomu się nie opłąca dawać liczby o dużym module be statystycznie przegra więc odchylenia będą małe, więc zwykle powinna być dodatnie, ale gdybym dał liczbę bliżej 50 to byłaby większa szansa że S będzie ujemne, a gdybym dał liczbę bliżej 0 to byłaby większa szansa, że ktoś dał większe x, więc miał większe xS przy S>0"
2026-01-09 18:57:12,25,nie będę mieć gorzej niż oni
2026-01-09 19:24:18,0,Nie możemy być pewni znaku jaki będzie miał nasz wynik więc chcemy zagwarantować nieujemnosc czyli bierzemy 0
2026-01-09 19:34:20,2026,Aktualny rok
2026-01-09 20:49:40,2,jesli suma liczb bedzie wieksza od 50 to wynik bedzie na minusie
2026-01-09 21:06:14,0,"poniewaz podajac jaka kolwiek inna liczbe moj wynik nie bedzie ujemny, a jesli suma tych 4 osob przekroczy 50 to wygrałem, 10 tez wydaje sie byc dobrym wynikiem ale jesli suma jest dodatnia to ktokolwiek z >10 wygrywa a jesli ujemna to ktokolwiek z <10 wygrywa wiec wydaje mi sie ze 0"
2026-01-09 21:14:48,25,"Ty i cztery inne osoby podajecie liczbę ( nie wiem z jakiego zakresu ma być ta liczba). Pytałam w domy jakie liczby podaliby uczestnicy z zakresu od 0 do 50. Jedna osoba podała 49, druga 2. Jak odjęłabym choćby tylko ich  liczby od 50 jestem już na minusie. 
Dlaczego 25? Jeżeli inny uczestnicy daliby mniejsze liczby niż ja, to moja liczba razy suma daje najwyższy wynik. Nie większa  żeby  wartość po odjęciu od 50 była dodatnia. "
2026-01-09 21:30:18,24,Dzien miesiąca w którym się urodziłem 
2026-01-10 08:20:06,9,"Bardzo dużo niewiadomych, nie ma określonej maksymalnej liczby, ani tego czy inne osoby mogą mieć taką samą albo większą liczbę, łatwo otrzymać liczbę ujemną. 9 ma szansę na liczbę dodatnią jako wynik."
2026-01-10 10:17:49,9,"Przy 5 liczbach odejmowanych od 50 może się zrobić liczba ujemną, wtedy im mniejszą moja tym większa szansa na największą ostateczną moją,   jeśli wszyscy podadzą mniejsze od 10 liczby- moją 9 daje szanse na większy ostateczny wynik. Ale to jest i tak wróżenie z fusów. Pozdrawiam i życzę powodzenia "
2026-01-10 11:16:17,-1,"duza szansa ze spadnie < 0, szkoda jak ktos da mniejsza liczba "
2026-01-10 11:23:23,-5,"Przeciętna osoba zapewne nie zauważy, iż jeśli suma odpowiedzi będzie większa niż 50, to S będzie ujemne, a większa odpowiedź doprowadzi do mniejszego wyniku. Stosunkowo naturalną liczbą do wybrania przez przeciętną osobę wydaje się być 15 (nie wiem jak to uzasadnić), zakładając więc, że będzie to średnia odpowiedzi pozostałych uczestników, -5 daje największy wynik. Liczba ta działa też całkiem dobrze jeśli średnia odpowiedzi innych będzie większa od 15"
2026-01-10 11:24:35,30,Dokonałam własnego wyboru chyba taki cel  zastanawiając się co wybiorą inni pierwsza myśl 50 przez wzrok od podanego działania druga myśl 30 wybór pozostał na 30 zastanawiając się jaka liczbę wybiorą pozostali uczestnicy gry i czy wynik może wyjść ujemny bo może wyjść liczba minusowa poprzez pomnozenie liczby 50 z liczba minusowa liczą dodatnia wyjdzie po dokonaniu pomnożonych liczb dodatnich. Ale wogole o co tu chodzi ?? I co to za gra .doczytałam dokładnie teraz więc  gra ma być dobra zabawa a tu celem jest najlepszy wynik. Grać żeby wygrać.opcja unikatowa ktoś z tych osób wygra. Wygrana trafi się jednej osobie może nawet uda się zremisować. 
2026-01-10 11:34:16,1,Bo 1 jest najmniejsze ewentualnie 0 gdy jest taka możliwość. Pod tym samym mailem przesyłam odpowiedź innej osoby 
2026-01-10 11:39:38,49,Że to jest druga największa  a gdy jest taka możliwa to 50 jest druga największa z tego działania. Ta osoba słyszała poprzedniej decyzję  innej osoby która wybrała najmniejszą liczbę zdecydowała wybrać liczbę największą lecz do 5O więc poszła innym trybem jestem osobą pytająca i też rozeznajaca w tym momencie .wysyłam pod ten sam link 
2026-01-10 11:45:58,30,Pisze jeszcze raz. Te dwie osoby kierowały się tylko zmyslem słuchu czytałam zasady gry .więc taki top rozumowania. Osoba która wybrała numer 1 czy O oraz osoba numer 49 czy też 50 .
2026-01-10 11:46:46,10,"Jest to bezpieczna liczba, niezależnie czy S będzie dodatnie czy ujemne, daje ona największe szanse na zwycięstwo. W przypadku podania przez pozostałych wyższych wartości od 10 i ujemnej S oraz wartości niższych od 10 i dodatniej S, jest to jedyna liczba gwarantująca bezpieczną grę z możliwym zwycięstwem w obu przypadkach, wyłączając jednak te, w których kilka graczy wybrało liczbę poniżej 10, a kilka powyżej 10."
2026-01-10 15:41:26,5,"50/5=10 - na to mam rzeczywisty wpływ, żeby nie zejść na ""minus"". Max (10-x)*x jest dla x=5."
2026-01-10 17:15:07,0,"Każdy z uczestników da jakąś liczbę bliską 10, co z dużym prawdopodobieństwem sprawi, że S będzie mniejsze od 0. Jeśli więc wybiorę 0 mój wynik na końcu okaże się najwyższy"
2026-01-10 19:21:59,29.92,"assuming 5 avg S=50−(20+29,99)=0,01 0,3>0,05 (optymalne ale jak ktos wymysli cos w stylu liczb ujemnych,pierwiastkow albo nawet kontre na to [5,02] cala gra zacznie sie przy tym odbijac ale najoptymalniejsza odp raczej bedzie albo 29,99 albo 5,02 bo zeby wiecej osob wpadlo na to samo to naprawde 1/milion (29,92 dlatego ze sie fajnie odbija od lewej do prawej) ~T.o "
2026-01-10 21:24:22,1,probowalem przekminic ale wydaje mi sie ze jest tak ze jest pare najwyzszych wynikow 
2026-01-11 00:07:48,-5,"większa szansa jest na to że suma wszystkich wybranych cyfr będzie będzie większa od 50 , czyli po odjęciu cyfra będzie ujemna, a żeby mieć najwięcej punktów należy ją pomnożyć przez inną ujemną cyfrę"
2026-01-11 09:25:26,9,"Każdy z graczy powinien przeanalizować, że w przypadku podania liczby >10 możliwe jest uzyskanie ujemnego wyniku, w przypadku podania liczby 10 otrzymamy 0 więc aby uzyskać możliwie większą liczbę najbezpieczniej będzie podać 9. "
2026-01-11 13:08:16,7,Wirzę że inni też podadzą dość niską liczbe i wszyscy dostaną dość wysoki wynik.Wybrałem akurat 7 bo jest ona w przedzale 5-10.
2026-01-11 14:21:11,8,"9 daje gorszy wynik jak inni tak zagrają, 8 to bardziej stablina strategia"
2026-01-11 14:23:09,69,Hehe
2026-01-11 15:15:16,-1,Bardzo prawdopodobne ze suma liczb pozostalych osob przekroczy 50 wiec wynik bedzie na minusie a niskie prawdopodobienstwo tego ze ktos inny da ujemna liczbe wiec moj wynik bedzie jedyny dodatni przez co najwiekszy. Nie jeszcze bardziej na minus bo mozna zniewelowac liczby pozostalych.
2026-01-11 15:42:17,75,Podałem taką liczbę która była moją ulubioną jak i była najbardziej praktyczną do gry
2026-01-11 18:29:11,5,umiar. Jesli każdy poda dużą to nic nie zostanie więc mnożenia na końcu już bez znaczenia.
2026-01-11 18:48:46,0,Mnożenie przez 0 daje 0
2026-01-11 19:17:32,11,Zakładam że pozostali gracze nie ryzykują i dają liczbę <=10 aby nie uzyskać wspólnego wyniku <= 0. Więc np dają 9 zeby miec jak najwyzszy wynik. Dając 11 wygram w takich przypadkach. Gorzej jak bedzie wiecej takich osób:D
2026-01-11 20:43:31,10,Suma cyfr uczestników nie może być większa ani równa 50. Najwyższą może być 10 a pozostałe cztery będą o 1 mniejsze o siebie. 
2026-01-11 21:01:29,7,to szczęśliwa liczba
2026-01-11 21:19:32,-3,Bo lubię liczby pierwsze:)
2026-01-11 21:36:40,20,nie za duza nie za mala
2026-01-11 22:05:02,0,"największa szansa na wygraną z racji, że cokolwiek razy 0 to 0. W przypadku gdy ktoś poda dużą liczbę nieujemną, wszyscy z dodatnimi przegrywają, mając końcowy wynik na minusie "
2026-01-11 22:28:06,-7,Ciekawe zadanie. niestety nie wiem co mogą zrobić inni ale jeśli przesadzą z liczbami dodatnimi to liczba ujemna będzie dobra 
2026-01-11 22:35:46,5,"Myślę, że pięciu uczestników widząc liczbę podzielna przez 5 podzieli ja na pięć mając jak największe szanse na zebranie punktów. Przydziałowa dla mnie to 10 punktów. Wybierając z 10 dwie liczby, które optymalnie dadzą jak największy wynik - to 5.(9*1=9,8*2=16,7*3=21,6*4=24,5*5=25)"
2026-01-12 01:46:13,6,"zakladając, że wszyscy wybralibysmy liczbe ktora kazdego równomiernie wynagradza to byłaby to 6. (Zaokrąglam bo nie bylo podane czy chodzi o liczby calkowite czy nie?)"
2026-01-12 07:37:03,15,iloczyn 3 i 5
2026-01-12 08:20:09,45,"45 jeżeli mam wygrać i jestem bezwzględna -> pozostali osoby chcąc mieć jakikolwiek pozytywny  wynik muszą podać liczbę1( zakładam że wysoki wynik liczbowy to wygrana pieniężna) i zakładając że można podać liczbę  od 1 wzwyż i liczby mogą powtarzać się . Może trafić się osoba ,która może zablokować wygraną wszystkich  uczestników i poda liczbę 2, wtedy wynik  dla wszystkich będzie 0."
2026-01-12 11:37:35,5,"wybrałam liczbę 5 aby łatwo się liczyło, S wyszło mi 15 , bo inni wybrali kolejno 6,7,8,9"
2026-01-12 12:00:02,206,Podałem liczbę 7 ponieważ była to pierwsza cyfra która przyszła na myśli 
2026-01-12 12:20:50,5,"Jeśli wszystkie 5 osób podadzą liczbę 5, to da największy wynik - 125"